pop1	dxy
0	0.0177133200917
1	0.0165052620369
2	0.0144663321875
3	0.0145257451258
4	0.00957975937723
5	0.00994721903604
6	0.0149200261172
7	0.0172624203716
