pop1	pop2	dxy
0	1	0.0159023956763
0	2	0.014413265526
0	3	0.0143911972522
0	4	0.0143807222445
0	5	0.0143117471522
0	6	0.0164162534856
1	2	0.0136329251825
1	3	0.0136319834471
1	4	0.0136373878132
1	5	0.0131034612631
1	6	0.0151287285182
2	3	0.0123865212257
2	4	0.0126378522244
2	5	0.0116408536672
2	6	0.0136642554794
3	4	0.012598379858
3	5	0.0116623377814
3	6	0.0136281021089
4	5	0.0122181053887
4	6	0.0136322451652
5	6	0.0136287360923
